{"v":"5.5.2","fr":60,"ip":0,"op":240,"w":1440,"h":1440,"nm":"mango-datos","ddd":0,"assets":[],"layers":[{"ddd":0,"ind":1,"ty":4,"nm":"book","parent":10,"sr":1,"ks":{"o":{"a":0,"k":100,"ix":11},"r":{"a":0,"k":0,"ix":10},"p":{"a":1,"k":[{"i":{"x":0.833,"y":0.833},"o":{"x":0.167,"y":0.167},"t":60,"s":[19.011,164.914,0],"to":[1.639,-0.171,0],"ti":[-1.639,0.171,0]},{"i":{"x":0.833,"y":0.833},"o":{"x":0.167,"y":0.167},"t":70,"s":[28.847,163.889,0],"to":[0,0,0],"ti":[0,0,0]},{"i":{"x":0.833,"y":0.833},"o":{"x":0.167,"y":0.167},"t":135,"s":[28.847,163.889,0],"to":[-1.639,0.171,0],"ti":[1.639,-0.171,0]},{"t":145,"s":[19.011,164.914,0]}],"ix":2},"a":{"a":0,"k":[34,27,0],"ix":1},"s":{"a":0,"k":[129.78,129.78,100],"ix":6}},"ao":0,"shapes":[{"ty":"gr","it":[{"ind":0,"ty":"sh","ix":1,"ks":{"a":0,"k":{"i":[[0,0],[0,0],[0,0]],"o":[[0,0],[0,0],[0,0]],"v":[[0.23,-0.078],[-0.23,-0.093],[-0.185,0.093]],"c":false},"ix":2},"nm":"Path 1","mn":"ADBE Vector Shape - Group","hd":false},{"ty":"fl","c":{"a":0,"k":[0.898000021542,0.898000021542,0.741000007181,1],"ix":4},"o":{"a":0,"k":100,"ix":5},"r":1,"bm":0,"nm":"Fill 1","mn":"ADBE Vector Graphic - Fill","hd":false},{"ty":"tr","p":{"a":0,"k":[50.508,7.894],"ix":2},"a":{"a":0,"k":[0,0],"ix":1},"s":{"a":0,"k":[100,100],"ix":3},"r":{"a":0,"k":0,"ix":6},"o":{"a":0,"k":100,"ix":7},"sk":{"a":0,"k":0,"ix":4},"sa":{"a":0,"k":0,"ix":5},"nm":"Transform"}],"nm":"Group 1","np":2,"cix":2,"bm":0,"ix":1,"mn":"ADBE Vector Group","hd":false},{"ty":"gr","it":[{"ind":0,"ty":"sh","ix":1,"ks":{"a":0,"k":{"i":[[0,0],[0,0],[0,0],[-1.546,-2.851],[0,0],[0,0]],"o":[[0,0],[0,0],[1.168,3.025],[0,0],[0,0],[0,0]],"v":[[-8.368,-21.025],[-7.954,-21.193],[0.264,0.096],[4.34,8.921],[8.368,16.35],[2.236,21.193]],"c":true},"ix":2},"nm":"Path 1","mn":"ADBE Vector Shape - Group","hd":false},{"ty":"fl","c":{"a":0,"k":[0.976000019148,0.987999949736,0.752999997606,1],"ix":4},"o":{"a":0,"k":100,"ix":5},"r":1,"bm":0,"nm":"Fill 1","mn":"ADBE Vector Graphic - Fill","hd":false},{"ty":"tr","p":{"a":0,"k":[58.693,29.009],"ix":2},"a":{"a":0,"k":[0,0],"ix":1},"s":{"a":0,"k":[100,100],"ix":3},"r":{"a":0,"k":0,"ix":6},"o":{"a":0,"k":100,"ix":7},"sk":{"a":0,"k":0,"ix":4},"sa":{"a":0,"k":0,"ix":5},"nm":"Transform"}],"nm":"Group 2","np":2,"cix":2,"bm":0,"ix":2,"mn":"ADBE Vector Group","hd":false},{"ty":"gr","it":[{"ind":0,"ty":"sh","ix":1,"ks":{"a":0,"k":{"i":[[0,0],[0,0],[0,0]],"o":[[0,0],[0,0],[0,0]],"v":[[1.488,-2.448],[0.049,2.447],[-1.488,2.447]],"c":true},"ix":2},"nm":"Path 1","mn":"ADBE Vector Shape - Group","hd":false},{"ty":"fl","c":{"a":0,"k":[0.8,0.795999983245,0.791999966491,1],"ix":4},"o":{"a":0,"k":100,"ix":5},"r":1,"bm":0,"nm":"Fill 1","mn":"ADBE Vector Graphic - Fill","hd":false},{"ty":"tr","p":{"a":0,"k":[35.387,2.448],"ix":2},"a":{"a":0,"k":[0,0],"ix":1},"s":{"a":0,"k":[100,100],"ix":3},"r":{"a":0,"k":0,"ix":6},"o":{"a":0,"k":100,"ix":7},"sk":{"a":0,"k":0,"ix":4},"sa":{"a":0,"k":0,"ix":5},"nm":"Transform"}],"nm":"Group 3","np":4,"cix":2,"bm":0,"ix":3,"mn":"ADBE Vector Group","hd":false},{"ty":"gr","it":[{"ind":0,"ty":"sh","ix":1,"ks":{"a":0,"k":{"i":[[0,0],[0,0],[0,0],[0,0],[0,0],[0,0]],"o":[[0,0],[0,0],[0,0],[0,0],[0,0],[0,0]],"v":[[0,-2.448],[-11.838,-2.448],[-8.862,2.447],[0,2.447],[8.863,2.447],[11.838,-2.448]],"c":true},"ix":2},"nm":"Path 1","mn":"ADBE Vector Shape - Group","hd":false},{"ty":"fl","c":{"a":0,"k":[0.910000011968,0.910000011968,0.910000011968,1],"ix":4},"o":{"a":0,"k":100,"ix":5},"r":1,"bm":0,"nm":"Fill 1","mn":"ADBE Vector Graphic - Fill","hd":false},{"ty":"tr","p":{"a":0,"k":[25.036,2.448],"ix":2},"a":{"a":0,"k":[0,0],"ix":1},"s":{"a":0,"k":[100,100],"ix":3},"r":{"a":0,"k":0,"ix":6},"o":{"a":0,"k":100,"ix":7},"sk":{"a":0,"k":0,"ix":4},"sa":{"a":0,"k":0,"ix":5},"nm":"Transform"}],"nm":"Group 4","np":4,"cix":2,"bm":0,"ix":4,"mn":"ADBE Vector Group","hd":false},{"ty":"gr","it":[{"ind":0,"ty":"sh","ix":1,"ks":{"a":0,"k":{"i":[[1.167,0],[0,0],[0.2,0.796],[0,0],[-1.154,0],[0,0],[-0.312,-1.272],[0,0]],"o":[[0,0],[-0.822,0],[0,0],[0,-1.154],[0,0],[1.154,0],[0,0],[0.285,1.131]],"v":[[28.693,24.205],[-17.684,24.205],[-19.422,22.849],[-30.717,-22.116],[-28.628,-24.205],[17.267,-24.205],[19.356,-22.116],[30.431,21.976]],"c":true},"ix":2},"nm":"Path 1","mn":"ADBE Vector Shape - Group","hd":false},{"ty":"fl","c":{"a":0,"k":[0.902000038297,0.902000038297,0.902000038297,1],"ix":4},"o":{"a":0,"k":100,"ix":5},"r":1,"bm":0,"nm":"Fill 1","mn":"ADBE Vector Graphic - Fill","hd":false},{"ty":"tr","p":{"a":0,"k":[30.716,29.1],"ix":2},"a":{"a":0,"k":[0,0],"ix":1},"s":{"a":0,"k":[100,100],"ix":3},"r":{"a":0,"k":0,"ix":6},"o":{"a":0,"k":100,"ix":7},"sk":{"a":0,"k":0,"ix":4},"sa":{"a":0,"k":0,"ix":5},"nm":"Transform"}],"nm":"Group 5","np":4,"cix":2,"bm":0,"ix":5,"mn":"ADBE Vector Group","hd":false}],"ip":0,"op":1769,"st":0,"bm":0},{"ddd":0,"ind":2,"ty":4,"nm":"pencil","parent":10,"sr":1,"ks":{"o":{"a":0,"k":100,"ix":11},"r":{"a":1,"k":[{"i":{"x":[0.527],"y":[1]},"o":{"x":[0.43],"y":[0.421]},"t":70,"s":[0]},{"i":{"x":[0.499],"y":[1]},"o":{"x":[0.649],"y":[0.011]},"t":82,"s":[-9]},{"i":{"x":[0.499],"y":[1]},"o":{"x":[0.649],"y":[-0.011]},"t":92,"s":[0]},{"i":{"x":[0.499],"y":[1]},"o":{"x":[0.649],"y":[0.011]},"t":102,"s":[-9]},{"i":{"x":[0.499],"y":[1]},"o":{"x":[0.649],"y":[-0.011]},"t":112,"s":[0]},{"i":{"x":[0.704],"y":[0.704]},"o":{"x":[0.576],"y":[0.013]},"t":122,"s":[-9]},{"t":135,"s":[0]}],"ix":10},"p":{"a":1,"k":[{"i":{"x":0.833,"y":0.833},"o":{"x":0.167,"y":0.167},"t":60,"s":[74.134,161.069,0],"to":[-3.245,-0.444,0],"ti":[3.245,0.444,0]},{"i":{"x":0.833,"y":0.833},"o":{"x":0.167,"y":0.167},"t":70,"s":[54.667,158.405,0],"to":[0,0,0],"ti":[0,0,0]},{"i":{"x":0.833,"y":0.833},"o":{"x":0.167,"y":0.167},"t":135,"s":[54.667,158.405,0],"to":[3.245,0.444,0],"ti":[-3.245,-0.444,0]},{"t":145,"s":[74.134,161.069,0]}],"ix":2},"a":{"a":0,"k":[14,11.5,0],"ix":1},"s":{"a":0,"k":[148.809,148.809,100],"ix":6}},"ao":0,"shapes":[{"ty":"gr","it":[{"ind":0,"ty":"sh","ix":1,"ks":{"a":0,"k":{"i":[[0,0],[0,0],[0,0],[0,0]],"o":[[0,0],[0,0],[0,0],[0,0]],"v":[[0.502,1.871],[1.779,1.757],[-1.109,-1.871],[-1.779,-0.516]],"c":true},"ix":2},"nm":"Path 1","mn":"ADBE Vector Shape - Group","hd":false},{"ty":"fl","c":{"a":0,"k":[1,0.980000035903,0.882000014361,1],"ix":4},"o":{"a":0,"k":100,"ix":5},"r":1,"bm":0,"nm":"Fill 1","mn":"ADBE Vector Graphic - Fill","hd":false},{"ty":"tr","p":{"a":0,"k":[3.114,19.758],"ix":2},"a":{"a":0,"k":[0,0],"ix":1},"s":{"a":0,"k":[100,100],"ix":3},"r":{"a":0,"k":0,"ix":6},"o":{"a":0,"k":100,"ix":7},"sk":{"a":0,"k":0,"ix":4},"sa":{"a":0,"k":0,"ix":5},"nm":"Transform"}],"nm":"Group 1","np":2,"cix":2,"bm":0,"ix":1,"mn":"ADBE Vector Group","hd":false},{"ty":"gr","it":[{"ind":0,"ty":"sh","ix":1,"ks":{"a":0,"k":{"i":[[0,0],[0,0],[0,0]],"o":[[0,0],[0,0],[0,0]],"v":[[-1.808,1.421],[1.808,0.966],[-0.473,-1.421]],"c":true},"ix":2},"nm":"Path 1","mn":"ADBE Vector Shape - Group","hd":false},{"ty":"fl","c":{"a":0,"k":[0.184000007779,0.046999998654,0.226999993418,1],"ix":4},"o":{"a":0,"k":100,"ix":5},"r":1,"bm":0,"nm":"Fill 1","mn":"ADBE Vector Graphic - Fill","hd":false},{"ty":"tr","p":{"a":0,"k":[1.808,20.663],"ix":2},"a":{"a":0,"k":[0,0],"ix":1},"s":{"a":0,"k":[100,100],"ix":3},"r":{"a":0,"k":0,"ix":6},"o":{"a":0,"k":100,"ix":7},"sk":{"a":0,"k":0,"ix":4},"sa":{"a":0,"k":0,"ix":5},"nm":"Transform"}],"nm":"Group 2","np":4,"cix":2,"bm":0,"ix":2,"mn":"ADBE Vector Group","hd":false},{"ty":"gr","it":[{"ind":0,"ty":"sh","ix":1,"ks":{"a":0,"k":{"i":[[-0.797,-1.001],[0,0],[1.002,-0.797],[0,0],[0,0],[0,0]],"o":[[0,0],[0.797,1.002],[0,0],[0,0],[0,0],[1.001,-0.797]],"v":[[2.498,-2.085],[2.498,-2.085],[2.128,1.173],[-0.115,2.959],[-3.003,-0.669],[-0.759,-2.455]],"c":true},"ix":2},"nm":"Path 1","mn":"ADBE Vector Shape - Group","hd":false},{"ty":"fl","c":{"a":0,"k":[0.757000014361,0.152999997606,0.176000004189,1],"ix":4},"o":{"a":0,"k":100,"ix":5},"r":1,"bm":0,"nm":"Fill 1","mn":"ADBE Vector Graphic - Fill","hd":false},{"ty":"tr","p":{"a":0,"k":[24.604,2.959],"ix":2},"a":{"a":0,"k":[0,0],"ix":1},"s":{"a":0,"k":[100,100],"ix":3},"r":{"a":0,"k":0,"ix":6},"o":{"a":0,"k":100,"ix":7},"sk":{"a":0,"k":0,"ix":4},"sa":{"a":0,"k":0,"ix":5},"nm":"Transform"}],"nm":"Group 3","np":4,"cix":2,"bm":0,"ix":3,"mn":"ADBE Vector Group","hd":false},{"ty":"gr","it":[{"ind":0,"ty":"sh","ix":1,"ks":{"a":0,"k":{"i":[[0,0],[0,0],[0,0],[0,0]],"o":[[0,0],[0,0],[0,0],[0,0]],"v":[[-1.365,-1.876],[1.523,1.751],[1.366,1.876],[-1.523,-1.751]],"c":true},"ix":2},"nm":"Path 1","mn":"ADBE Vector Shape - Group","hd":false},{"ty":"fl","c":{"a":0,"k":[0.722000002394,0.071000005685,0.234999997008,1],"ix":4},"o":{"a":0,"k":100,"ix":5},"r":1,"bm":0,"nm":"Fill 1","mn":"ADBE Vector Graphic - Fill","hd":false},{"ty":"tr","p":{"a":0,"k":[22.342,4.663],"ix":2},"a":{"a":0,"k":[0,0],"ix":1},"s":{"a":0,"k":[100,100],"ix":3},"r":{"a":0,"k":0,"ix":6},"o":{"a":0,"k":100,"ix":7},"sk":{"a":0,"k":0,"ix":4},"sa":{"a":0,"k":0,"ix":5},"nm":"Transform"}],"nm":"Group 4","np":2,"cix":2,"bm":0,"ix":4,"mn":"ADBE Vector Group","hd":false},{"ty":"gr","it":[{"ind":0,"ty":"sh","ix":1,"ks":{"a":0,"k":{"i":[[0,0],[0,0],[0,0],[0,0]],"o":[[0,0],[0,0],[0,0],[0,0]],"v":[[-0.742,-2.372],[2.145,1.255],[0.742,2.372],[-2.145,-1.255]],"c":true},"ix":2},"nm":"Path 1","mn":"ADBE Vector Shape - Group","hd":false},{"ty":"fl","c":{"a":0,"k":[0.987999949736,0.961000031116,1,1],"ix":4},"o":{"a":0,"k":100,"ix":5},"r":1,"bm":0,"nm":"Fill 1","mn":"ADBE Vector Graphic - Fill","hd":false},{"ty":"tr","p":{"a":0,"k":[22.342,4.663],"ix":2},"a":{"a":0,"k":[0,0],"ix":1},"s":{"a":0,"k":[100,100],"ix":3},"r":{"a":0,"k":0,"ix":6},"o":{"a":0,"k":100,"ix":7},"sk":{"a":0,"k":0,"ix":4},"sa":{"a":0,"k":0,"ix":5},"nm":"Transform"}],"nm":"Group 5","np":2,"cix":2,"bm":0,"ix":5,"mn":"ADBE Vector Group","hd":false},{"ty":"gr","it":[{"ind":0,"ty":"sh","ix":1,"ks":{"a":0,"k":{"i":[[0,0],[0,0],[0,0],[0,0]],"o":[[0,0],[0,0],[0,0],[0,0]],"v":[[9.023,-7.326],[9.163,-7.15],[-9.023,7.326],[-9.163,7.15]],"c":true},"ix":2},"nm":"Path 1","mn":"ADBE Vector Shape - Group","hd":false},{"ty":"fl","c":{"a":0,"k":[0.952999997606,0.525,0.075,1],"ix":4},"o":{"a":0,"k":100,"ix":5},"r":1,"bm":0,"nm":"Fill 1","mn":"ADBE Vector Graphic - Fill","hd":false},{"ty":"tr","p":{"a":0,"k":[13.352,13.481],"ix":2},"a":{"a":0,"k":[0,0],"ix":1},"s":{"a":0,"k":[100,100],"ix":3},"r":{"a":0,"k":0,"ix":6},"o":{"a":0,"k":100,"ix":7},"sk":{"a":0,"k":0,"ix":4},"sa":{"a":0,"k":0,"ix":5},"nm":"Transform"}],"nm":"Group 6","np":2,"cix":2,"bm":0,"ix":6,"mn":"ADBE Vector Group","hd":false},{"ty":"gr","it":[{"ind":0,"ty":"sh","ix":1,"ks":{"a":0,"k":{"i":[[0,0],[0,0],[0,0],[0,0]],"o":[[0,0],[0,0],[0,0],[0,0]],"v":[[9.023,-7.326],[9.163,-7.15],[-9.023,7.326],[-9.163,7.152]],"c":true},"ix":2},"nm":"Path 1","mn":"ADBE Vector Shape - Group","hd":false},{"ty":"fl","c":{"a":0,"k":[0.952999997606,0.525,0.075,1],"ix":4},"o":{"a":0,"k":100,"ix":5},"r":1,"bm":0,"nm":"Fill 1","mn":"ADBE Vector Graphic - Fill","hd":false},{"ty":"tr","p":{"a":0,"k":[11.6,11.279],"ix":2},"a":{"a":0,"k":[0,0],"ix":1},"s":{"a":0,"k":[100,100],"ix":3},"r":{"a":0,"k":0,"ix":6},"o":{"a":0,"k":100,"ix":7},"sk":{"a":0,"k":0,"ix":4},"sa":{"a":0,"k":0,"ix":5},"nm":"Transform"}],"nm":"Group 7","np":2,"cix":2,"bm":0,"ix":7,"mn":"ADBE Vector Group","hd":false},{"ty":"gr","it":[{"ind":0,"ty":"sh","ix":1,"ks":{"a":0,"k":{"i":[[0,0],[0,0],[0,0],[0,0]],"o":[[0,0],[0,0],[0,0],[0,0]],"v":[[9.023,-7.326],[9.163,-7.15],[-9.023,7.326],[-9.163,7.152]],"c":true},"ix":2},"nm":"Path 1","mn":"ADBE Vector Shape - Group","hd":false},{"ty":"fl","c":{"a":0,"k":[0.952999997606,0.525,0.075,1],"ix":4},"o":{"a":0,"k":100,"ix":5},"r":1,"bm":0,"nm":"Fill 1","mn":"ADBE Vector Graphic - Fill","hd":false},{"ty":"tr","p":{"a":0,"k":[12.5,12.369],"ix":2},"a":{"a":0,"k":[0,0],"ix":1},"s":{"a":0,"k":[100,100],"ix":3},"r":{"a":0,"k":0,"ix":6},"o":{"a":0,"k":100,"ix":7},"sk":{"a":0,"k":0,"ix":4},"sa":{"a":0,"k":0,"ix":5},"nm":"Transform"}],"nm":"Group 8","np":2,"cix":2,"bm":0,"ix":8,"mn":"ADBE Vector Group","hd":false},{"ty":"gr","it":[{"ind":0,"ty":"sh","ix":1,"ks":{"a":0,"k":{"i":[[0,0],[0,0],[0,0],[0,0]],"o":[[0,0],[0,0],[0,0],[0,0]],"v":[[-10.537,5.424],[-7.649,9.052],[10.537,-5.424],[7.649,-9.052]],"c":true},"ix":2},"nm":"Path 1","mn":"ADBE Vector Shape - Group","hd":false},{"ty":"fl","c":{"a":0,"k":[1,0.592000026329,0.141000007181,1],"ix":4},"o":{"a":0,"k":100,"ix":5},"r":1,"bm":0,"nm":"Fill 1","mn":"ADBE Vector Graphic - Fill","hd":false},{"ty":"tr","p":{"a":0,"k":[12.542,12.463],"ix":2},"a":{"a":0,"k":[0,0],"ix":1},"s":{"a":0,"k":[100,100],"ix":3},"r":{"a":0,"k":0,"ix":6},"o":{"a":0,"k":100,"ix":7},"sk":{"a":0,"k":0,"ix":4},"sa":{"a":0,"k":0,"ix":5},"nm":"Transform"}],"nm":"Group 9","np":2,"cix":2,"bm":0,"ix":9,"mn":"ADBE Vector Group","hd":false}],"ip":0,"op":1769,"st":0,"bm":0},{"ddd":0,"ind":3,"ty":4,"nm":"REFLEJO","parent":4,"sr":1,"ks":{"o":{"a":0,"k":25,"ix":11},"r":{"a":0,"k":0,"ix":10},"p":{"a":0,"k":[179.177,-138.234,0],"ix":2},"a":{"a":0,"k":[15.159,15.5,0],"ix":1},"s":{"a":0,"k":[244,244,100],"ix":6}},"ao":0,"shapes":[{"ty":"gr","it":[{"ind":0,"ty":"sh","ix":1,"ks":{"a":0,"k":{"i":[[0,0],[-7.944,-13.101]],"o":[[0,0],[0,0]],"v":[[-10.194,-10.535],[10.194,10.535]],"c":false},"ix":2},"nm":"Path 1","mn":"ADBE Vector Shape - Group","hd":false},{"ty":"st","c":{"a":0,"k":[1,1,1,1],"ix":3},"o":{"a":0,"k":100,"ix":4},"w":{"a":0,"k":9.929,"ix":5},"lc":2,"lj":1,"ml":10,"bm":0,"nm":"Stroke 1","mn":"ADBE Vector Graphic - Stroke","hd":false},{"ty":"tr","p":{"a":0,"k":[15.159,15.5],"ix":2},"a":{"a":0,"k":[0,0],"ix":1},"s":{"a":0,"k":[100,100],"ix":3},"r":{"a":0,"k":0,"ix":6},"o":{"a":0,"k":100,"ix":7},"sk":{"a":0,"k":0,"ix":4},"sa":{"a":0,"k":0,"ix":5},"nm":"Transform"}],"nm":"Group 1","np":2,"cix":2,"bm":0,"ix":1,"mn":"ADBE Vector Group","hd":false}],"ip":0,"op":1769.76976976977,"st":0,"bm":0},{"ddd":0,"ind":4,"ty":3,"nm":"CARA","sr":1,"ks":{"o":{"a":0,"k":0,"ix":11},"r":{"a":0,"k":0,"ix":10,"x":"var $bm_rt;\n$bm_rt = thisComp.layer('BODY').transform.rotation;"},"p":{"a":1,"k":[{"i":{"x":0.375,"y":1},"o":{"x":0.522,"y":0},"t":60,"s":[0,-331,0],"to":[-11.667,2.792,0],"ti":[11.667,-2.792,0]},{"i":{"x":0.622,"y":0.622},"o":{"x":0.362,"y":0.362},"t":70,"s":[-70,-314.25,0],"to":[0,0,0],"ti":[0,0,0]},{"i":{"x":0.375,"y":1},"o":{"x":0.522,"y":0},"t":135,"s":[-70,-314.25,0],"to":[11.667,-2.792,0],"ti":[-11.667,2.792,0]},{"t":145,"s":[0,-331,0]}],"ix":2,"x":"var $bm_rt;\n$bm_rt = $bm_sum(value, thisComp.layer('BODY').transform.position);"},"a":{"a":0,"k":[50,50,0],"ix":1},"s":{"a":0,"k":[100,100,100],"ix":6}},"ao":0,"ip":0,"op":1769.76976976977,"st":0,"bm":0},{"ddd":0,"ind":5,"ty":4,"nm":"OJO D","parent":4,"sr":1,"ks":{"o":{"a":0,"k":100,"ix":11},"r":{"a":0,"k":0,"ix":10},"p":{"a":0,"k":[132.323,26.136,0],"ix":2},"a":{"a":0,"k":[8.021,8.021,0],"ix":1},"s":{"a":0,"k":[244,244,100],"ix":6}},"ao":0,"shapes":[{"ind":0,"ty":"sh","ix":1,"ks":{"a":0,"k":{"i":[[0,-4.292],[4.292,0],[0,4.292],[-4.292,0]],"o":[[0,4.292],[-4.292,0],[0,-4.292],[4.292,0]],"v":[[15.791,8.021],[8.02,15.792],[0.25,8.021],[8.02,0.25]],"c":true},"ix":2,"x":"var $bm_rt;\n$bm_rt = thisComp.layer('OJO I').content('Path 1').path;"},"nm":"Path 1","mn":"ADBE Vector Shape - Group","hd":false},{"ty":"fl","c":{"a":0,"k":[0.109803929048,0,0,1],"ix":4},"o":{"a":0,"k":100,"ix":5},"r":1,"bm":0,"nm":"Fill 1","mn":"ADBE Vector Graphic - Fill","hd":false}],"ip":0,"op":1769.76976976977,"st":0,"bm":0},{"ddd":0,"ind":6,"ty":4,"nm":"OJO I","parent":4,"sr":1,"ks":{"o":{"a":0,"k":100,"ix":11},"r":{"a":0,"k":0,"ix":10},"p":{"a":0,"k":[-33.559,26.886,0],"ix":2},"a":{"a":0,"k":[7.816,8.328,0],"ix":1},"s":{"a":0,"k":[244,244,100],"ix":6}},"ao":0,"shapes":[{"ind":0,"ty":"sh","ix":1,"ks":{"a":1,"k":[{"i":{"x":0.284,"y":1},"o":{"x":0.653,"y":0},"t":0,"s":[{"i":[[0,-4.292],[4.292,0],[0,4.292],[-4.292,0]],"o":[[0,4.292],[-4.292,0],[0,-4.292],[4.292,0]],"v":[[15.792,8.021],[8.021,15.792],[0.25,8.021],[8.021,0.25]],"c":true}]},{"i":{"x":0.284,"y":1},"o":{"x":0.653,"y":0},"t":5,"s":[{"i":[[0.014,4.299],[4.292,0],[0,4.292],[-4.292,0]],"o":[[0,4.292],[-4.292,0],[0.034,4.324],[4.292,0]],"v":[[15.792,8.021],[8.021,15.792],[0.25,8.021],[8.022,15.824]],"c":true}]},{"t":10,"s":[{"i":[[0,-4.292],[4.292,0],[0,4.292],[-4.292,0]],"o":[[0,4.292],[-4.292,0],[0,-4.292],[4.292,0]],"v":[[15.792,8.021],[8.021,15.792],[0.25,8.021],[8.021,0.25]],"c":true}]}],"ix":2},"nm":"Path 1","mn":"ADBE Vector Shape - Group","hd":false},{"ty":"fl","c":{"a":0,"k":[0.107843137255,0,0,1],"ix":4},"o":{"a":0,"k":100,"ix":5},"r":1,"bm":0,"nm":"Fill 1","mn":"ADBE Vector Graphic - Fill","hd":false}],"ip":0,"op":1769.76976976977,"st":0,"bm":0},{"ddd":0,"ind":7,"ty":4,"nm":"BOCA","parent":4,"sr":1,"ks":{"o":{"a":0,"k":100,"ix":11},"r":{"a":0,"k":0,"ix":10},"p":{"a":0,"k":[49.632,55.791,0],"ix":2},"a":{"a":0,"k":[14.843,8.808,0],"ix":1},"s":{"a":0,"k":[244,244,100],"ix":6}},"ao":0,"shapes":[{"ind":0,"ty":"sh","ix":1,"ks":{"a":0,"k":{"i":[[0,0],[-3.525,1.655]],"o":[[5.235,2.721],[0,0]],"v":[[7.448,7.448],[22.238,7.448]],"c":false},"ix":2},"nm":"Path 1","mn":"ADBE Vector Shape - Group","hd":false},{"ty":"st","c":{"a":0,"k":[0.109803929048,0,0,1],"ix":3},"o":{"a":0,"k":100,"ix":4},"w":{"a":0,"k":4,"ix":5},"lc":2,"lj":1,"ml":10,"bm":0,"nm":"Stroke 1","mn":"ADBE Vector Graphic - Stroke","hd":false}],"ip":0,"op":1769.76976976977,"st":0,"bm":0},{"ddd":0,"ind":8,"ty":4,"nm":"HOJA","sr":1,"ks":{"o":{"a":0,"k":100,"ix":11},"r":{"a":1,"k":[{"i":{"x":[0.667],"y":[1]},"o":{"x":[0.167],"y":[0.167]},"t":0,"s":[0]},{"i":{"x":[0.833],"y":[0.833]},"o":{"x":[0.333],"y":[0]},"t":30,"s":[-2.5]},{"t":60,"s":[0]}],"ix":10,"x":"var $bm_rt;\n$bm_sum(value, thisComp.layer('BODY').transform.rotation);\n$bm_rt = loopOut();"},"p":{"a":0,"k":[-4.216,-635.883,0],"ix":2,"x":"var $bm_rt;\n$bm_rt = $bm_sum(value, thisComp.layer('BODY').transform.position);"},"a":{"a":0,"k":[54.581,-9.742,0],"ix":1},"s":{"a":0,"k":[244,244,100],"ix":6}},"ao":0,"shapes":[{"ty":"gr","it":[{"ind":0,"ty":"sh","ix":1,"ks":{"a":0,"k":{"i":[[10.035,-7.433],[0,0],[-24.888,18.435],[0,0],[17.166,-0.001]],"o":[[0,0],[18.434,24.889],[0,0],[-11.002,-14.853],[-11.597,0.001]],"v":[[-78.693,-53.624],[-109.412,-30.871],[-30.97,-19.185],[-0.25,-41.939],[-45.359,-64.643]],"c":true},"ix":2},"nm":"Path 2","mn":"ADBE Vector Shape - Group","hd":false},{"ty":"gf","o":{"a":0,"k":100,"ix":10},"r":1,"bm":0,"g":{"p":3,"k":{"a":0,"k":[0,0.255,0.651,0.235,0.499,0.131,0.533,0.214,0.998,0.008,0.416,0.192],"ix":9}},"s":{"a":0,"k":[-107,-29.5],"ix":5},"e":{"a":0,"k":[-3.5,-41],"ix":6},"t":1,"nm":"G-H","mn":"ADBE Vector Graphic - G-Fill","hd":false},{"ty":"tr","p":{"a":0,"k":[54.831,32.197],"ix":2},"a":{"a":0,"k":[0,0],"ix":1},"s":{"a":0,"k":[100,100],"ix":3},"r":{"a":0,"k":0,"ix":6},"o":{"a":0,"k":100,"ix":7},"sk":{"a":0,"k":0,"ix":4},"sa":{"a":0,"k":0,"ix":5},"nm":"Transform"}],"nm":"Group 1","np":2,"cix":2,"bm":0,"ix":1,"mn":"ADBE Vector Group","hd":false}],"ip":0,"op":1769.76976976977,"st":0,"bm":0},{"ddd":0,"ind":9,"ty":4,"nm":"SOMBRA","sr":1,"ks":{"o":{"a":0,"k":15,"ix":11},"r":{"a":0,"k":0,"ix":10,"x":"var $bm_rt;\n$bm_rt = thisComp.layer('HOJA').transform.rotation;"},"p":{"a":0,"k":[711.784,409.117,0],"ix":2,"x":"var $bm_rt;\n$bm_rt = thisComp.layer('HOJA').transform.position;"},"a":{"a":0,"k":[40.891,-149.993,0],"ix":1},"s":{"a":0,"k":[244,244,100],"ix":6}},"ao":0,"ef":[{"ty":28,"nm":"Set Matte","np":8,"mn":"ADBE Set Matte3","ix":1,"en":1,"ef":[{"ty":10,"nm":"Take Matte From Layer","mn":"ADBE Set Matte3-0001","ix":1,"v":{"a":0,"k":10,"ix":1}},{"ty":7,"nm":"Use For Matte","mn":"ADBE Set Matte3-0002","ix":2,"v":{"a":0,"k":4,"ix":2}},{"ty":7,"nm":"Invert Matte","mn":"ADBE Set Matte3-0003","ix":3,"v":{"a":0,"k":0,"ix":3}},{"ty":7,"nm":"If Layer Sizes Differ","mn":"ADBE Set Matte3-0004","ix":4,"v":{"a":0,"k":1,"ix":4}},{"ty":7,"nm":"Composite Matte with Original","mn":"ADBE Set Matte3-0005","ix":5,"v":{"a":0,"k":1,"ix":5}},{"ty":7,"nm":"Premultiply Matte Layer","mn":"ADBE Set Matte3-0006","ix":6,"v":{"a":0,"k":1,"ix":6}}]}],"shapes":[{"ty":"gr","it":[{"d":1,"ty":"el","s":{"a":0,"k":[148.5,148.5],"ix":2},"p":{"a":0,"k":[0,0],"ix":3},"nm":"Ellipse Path 1","mn":"ADBE Vector Shape - Ellipse","hd":false},{"ty":"st","c":{"a":0,"k":[1,1,1,1],"ix":3},"o":{"a":0,"k":100,"ix":4},"w":{"a":0,"k":0,"ix":5},"lc":1,"lj":1,"ml":4,"bm":0,"nm":"Stroke 1","mn":"ADBE Vector Graphic - Stroke","hd":false},{"ty":"fl","c":{"a":0,"k":[0,0,0,1],"ix":4},"o":{"a":0,"k":100,"ix":5},"r":1,"bm":0,"nm":"Fill 1","mn":"ADBE Vector Graphic - Fill","hd":false},{"ty":"tr","p":{"a":0,"k":[-29.75,-162.75],"ix":2},"a":{"a":0,"k":[0,0],"ix":1},"s":{"a":0,"k":[100,100],"ix":3},"r":{"a":0,"k":0,"ix":6},"o":{"a":0,"k":100,"ix":7},"sk":{"a":0,"k":0,"ix":4},"sa":{"a":0,"k":0,"ix":5},"nm":"Transform"}],"nm":"Ellipse 1","np":3,"cix":2,"bm":0,"ix":1,"mn":"ADBE Vector Group","hd":false}],"ip":0,"op":1769.76976976977,"st":0,"bm":0},{"ddd":0,"ind":10,"ty":4,"nm":"BODY","sr":1,"ks":{"o":{"a":0,"k":100,"ix":11},"r":{"a":1,"k":[{"i":{"x":[0.833],"y":[0.833]},"o":{"x":[0.167],"y":[0.167]},"t":50,"s":[0]},{"i":{"x":[0.833],"y":[0.833]},"o":{"x":[0.167],"y":[0.167]},"t":70,"s":[-3]},{"i":{"x":[0.833],"y":[0.833]},"o":{"x":[0.167],"y":[0.167]},"t":135,"s":[-3]},{"t":155,"s":[0]}],"ix":10},"p":{"a":1,"k":[{"i":{"x":0.387,"y":1},"o":{"x":0.445,"y":0},"t":0,"s":[714.074,1046.852,0],"to":[0,0.833,0],"ti":[0,0,0]},{"i":{"x":0.387,"y":1},"o":{"x":0.445,"y":0},"t":30,"s":[714.074,1051.852,0],"to":[0,0,0],"ti":[0,0.833,0]},{"t":60,"s":[714.074,1046.852,0]}],"ix":2,"x":"var $bm_rt;\n$bm_rt = loopOut();"},"a":{"a":0,"k":[93.017,252.352,0],"ix":1},"s":{"a":0,"k":[244,244,100],"ix":6}},"ao":0,"shapes":[{"ty":"gr","it":[{"ind":0,"ty":"sh","ix":1,"ks":{"a":0,"k":{"i":[[2.747,-52.42],[-54.134,-2.837],[-2.838,54.133],[54.133,2.836],[1.667,0]],"o":[[-2.837,54.133],[54.132,2.839],[2.837,-54.134],[-1.715,-0.091],[-50.938,-0.002]],"v":[[-77.6,-35.365],[4.165,122.813],[102.304,-25.937],[9.423,-129.091],[4.346,-129.226]],"c":true},"ix":2},"nm":"Path 2","mn":"ADBE Vector Shape - Group","hd":false},{"ty":"gf","o":{"a":0,"k":100,"ix":10},"r":1,"bm":0,"g":{"p":3,"k":{"a":0,"k":[0,1,0.329,0,0.499,1,0.475,0,0.998,1,0.62,0],"ix":9}},"s":{"a":0,"k":[-24.5,91],"ix":5},"e":{"a":0,"k":[40.5,-26.5],"ix":6},"t":1,"nm":"G-B","mn":"ADBE Vector Graphic - G-Fill","hd":false},{"ty":"tr","p":{"a":0,"k":[80.687,129.478],"ix":2},"a":{"a":0,"k":[0,0],"ix":1},"s":{"a":0,"k":[100,100],"ix":3},"r":{"a":0,"k":0,"ix":6},"o":{"a":0,"k":100,"ix":7},"sk":{"a":0,"k":0,"ix":4},"sa":{"a":0,"k":0,"ix":5},"nm":"Transform"}],"nm":"Group 1","np":2,"cix":2,"bm":0,"ix":1,"mn":"ADBE Vector Group","hd":false}],"ip":0,"op":1769.76976976977,"st":0,"bm":0},{"ddd":0,"ind":11,"ty":4,"nm":"SOMBRA","sr":1,"ks":{"o":{"a":0,"k":10,"ix":11},"r":{"a":0,"k":0,"ix":10},"p":{"a":0,"k":[709.61,1143.54,0],"ix":2},"a":{"a":0,"k":[10.5,162.5,0],"ix":1},"s":{"a":0,"k":[244,244,100],"ix":6,"x":"var $bm_rt;\n$bm_rt = loopOut();"}},"ao":0,"shapes":[{"ty":"gr","it":[{"d":1,"ty":"el","s":{"a":0,"k":[131,31],"ix":2},"p":{"a":0,"k":[0,0],"ix":3},"nm":"Trazado elíptico 1","mn":"ADBE Vector Shape - Ellipse","hd":false},{"ty":"st","c":{"a":0,"k":[0.090091705322,0.090196078431,0.089134949329,1],"ix":3},"o":{"a":0,"k":100,"ix":4},"w":{"a":0,"k":0,"ix":5},"lc":1,"lj":1,"ml":4,"bm":0,"nm":"Trazo 1","mn":"ADBE Vector Graphic - Stroke","hd":false},{"ty":"fl","c":{"a":0,"k":[0,0,0,1],"ix":4},"o":{"a":0,"k":100,"ix":5},"r":1,"bm":0,"nm":"Relleno 1","mn":"ADBE Vector Graphic - Fill","hd":false},{"ty":"tr","p":{"a":0,"k":[10.5,162.5],"ix":2},"a":{"a":0,"k":[0,0],"ix":1},"s":{"a":0,"k":[100,93.939],"ix":3},"r":{"a":0,"k":0,"ix":6},"o":{"a":0,"k":100,"ix":7},"sk":{"a":0,"k":0,"ix":4},"sa":{"a":0,"k":0,"ix":5},"nm":"Transform"}],"nm":"Elipse 1","np":3,"cix":2,"bm":0,"ix":1,"mn":"ADBE Vector Group","hd":false}],"ip":0,"op":1769.76976976977,"st":0,"bm":0},{"ddd":0,"ind":12,"ty":4,"nm":"BG","sr":1,"ks":{"o":{"a":0,"k":100,"ix":11},"r":{"a":0,"k":0,"ix":10},"p":{"a":0,"k":[720,720,0],"ix":2},"a":{"a":0,"k":[0,0,0],"ix":1},"s":{"a":0,"k":[100,100,100],"ix":6}},"ao":0,"shapes":[{"ty":"gr","it":[{"ty":"rc","d":1,"s":{"a":0,"k":[1440,1440],"ix":2},"p":{"a":0,"k":[0,0],"ix":3},"r":{"a":0,"k":0,"ix":4},"nm":"Rectangle Path 1","mn":"ADBE Vector Shape - Rect","hd":false},{"ty":"st","c":{"a":0,"k":[1,1,1,1],"ix":3},"o":{"a":0,"k":100,"ix":4},"w":{"a":0,"k":0,"ix":5},"lc":1,"lj":1,"ml":4,"bm":0,"nm":"Stroke 1","mn":"ADBE Vector Graphic - Stroke","hd":false},{"ty":"fl","c":{"a":0,"k":[1,1,1,1],"ix":4},"o":{"a":0,"k":100,"ix":5},"r":1,"bm":0,"nm":"Fill 1","mn":"ADBE Vector Graphic - Fill","hd":false},{"ty":"tr","p":{"a":0,"k":[0,0],"ix":2},"a":{"a":0,"k":[0,0],"ix":1},"s":{"a":0,"k":[100,100],"ix":3},"r":{"a":0,"k":0,"ix":6},"o":{"a":0,"k":100,"ix":7},"sk":{"a":0,"k":0,"ix":4},"sa":{"a":0,"k":0,"ix":5},"nm":"Transform"}],"nm":"Rectangle 1","np":3,"cix":2,"bm":0,"ix":1,"mn":"ADBE Vector Group","hd":false}],"ip":0,"op":1769.76976976977,"st":0,"bm":0}],"markers":[]}